{
  "potential": "infinite_well_rayleigh",
  "n": 21,
  "experiment_name": "rayleigh_A1",
  "seed": 0,
  "E_learned": 4352.4951171875,
  "E_exact": 4352.495540880407,
  "E_rel": 9.734482279291467e-08,
  "L2": 0.0004681035872911381,
  "integral": 0.9990642952739497,
  "final_loss": 0.1494794636964798,
  "final_pde": 0.14940941333770752,
  "final_norm": 8.757083946875355e-07,
  "epochs": 15000,
  "N_col": 43008,
  "hidden": 128,
  "use_sine": true,
  "lam_hi": 300.0,
  "lam_lo": 80.0,
  "lr0": 0.0003,
  "device": "cuda"
}