{
  "potential": "infinite_well_rayleigh",
  "n": 20,
  "experiment_name": "rayleigh_A2",
  "seed": 2,
  "E_learned": 3947.841064453125,
  "E_exact": 3947.8417604357433,
  "E_rel": 1.7629445668991203e-07,
  "L2": 5.6199318062001455e-05,
  "integral": 0.9998934921787167,
  "final_loss": 0.018690943717956543,
  "final_pde": 0.018690036609768867,
  "final_norm": 1.1332431881783123e-08,
  "epochs": 15000,
  "N_col": 40960,
  "hidden": 256,
  "use_sine": true,
  "lam_hi": 300.0,
  "lam_lo": 80.0,
  "lr0": 0.0003,
  "device": "cuda"
}