{
  "potential": "infinite_well_rayleigh",
  "n": 11,
  "experiment_name": "rayleigh_A2",
  "seed": 3,
  "E_learned": 1194.2220458984375,
  "E_exact": 1194.2221325318121,
  "E_rel": 7.254376908758372e-08,
  "L2": 1.263407287724387e-05,
  "integral": 1.000000779129793,
  "final_loss": 0.00027494787354953587,
  "final_pde": 0.0002749478444457054,
  "final_norm": 5.115907697472721e-13,
  "epochs": 15000,
  "N_col": 22528,
  "hidden": 256,
  "use_sine": true,
  "lam_hi": 300.0,
  "lam_lo": 80.0,
  "lr0": 0.0003,
  "device": "cuda"
}