{
  "potential": "infinite_well_rayleigh",
  "n": 18,
  "experiment_name": "rayleigh_A1",
  "seed": 2,
  "E_learned": 3197.751708984375,
  "E_exact": 3197.751825952952,
  "E_rel": 3.657837861412531e-08,
  "L2": 5.447563570574522e-05,
  "integral": 0.9999053235696428,
  "final_loss": 0.014493084512650967,
  "final_pde": 0.014492367394268513,
  "final_norm": 8.95903440323309e-09,
  "epochs": 15000,
  "N_col": 36864,
  "hidden": 128,
  "use_sine": true,
  "lam_hi": 300.0,
  "lam_lo": 80.0,
  "lr0": 0.0003,
  "device": "cuda"
}