{
  "potential": "infinite_well_rayleigh",
  "n": 10,
  "experiment_name": "rayleigh_A1",
  "seed": 3,
  "E_learned": 986.9603881835938,
  "E_exact": 986.9604401089358,
  "E_rel": 5.261137118901142e-08,
  "L2": 3.364699471892109e-05,
  "integral": 0.9999942805773118,
  "final_loss": 0.0008786043617874384,
  "final_pde": 0.0008786017424426973,
  "final_norm": 3.2741809263825417e-11,
  "epochs": 15000,
  "N_col": 20480,
  "hidden": 128,
  "use_sine": true,
  "lam_hi": 300.0,
  "lam_lo": 80.0,
  "lr0": 0.0003,
  "device": "cuda"
}