{
  "potential": "infinite_well_rayleigh",
  "n": 25,
  "experiment_name": "rayleigh_A1",
  "seed": 0,
  "E_learned": 6168.5029296875,
  "E_exact": 6168.502750680849,
  "E_rel": 2.901946518168472e-08,
  "L2": 2.5210388993980308e-05,
  "integral": 0.999966139393661,
  "final_loss": 0.003972973208874464,
  "final_pde": 0.003972881473600864,
  "final_norm": 1.1461906979093328e-09,
  "epochs": 15000,
  "N_col": 51200,
  "hidden": 128,
  "use_sine": true,
  "lam_hi": 300.0,
  "lam_lo": 80.0,
  "lr0": 0.0003,
  "device": "cuda"
}