{
  "potential": "infinite_well_rayleigh",
  "n": 2,
  "experiment_name": "rayleigh_A2",
  "seed": 2,
  "E_learned": 39.47841262817383,
  "E_exact": 39.47841760435743,
  "E_rel": 1.260482031907694e-07,
  "L2": 3.86492135232813e-05,
  "integral": 0.9999979032022015,
  "final_loss": 4.967197673977353e-05,
  "final_pde": 4.9671914894133806e-05,
  "final_norm": 4.106937012693379e-12,
  "epochs": 6000,
  "N_col": 4096,
  "hidden": 256,
  "use_sine": true,
  "lam_hi": 40.0,
  "lam_lo": 15.0,
  "lr0": 0.0007,
  "device": "cuda"
}