{
  "potential": "infinite_well_rayleigh",
  "n": 27,
  "experiment_name": "rayleigh_A1",
  "seed": 1,
  "E_learned": 7194.9404296875,
  "E_exact": 7194.941608394141,
  "E_rel": 1.638243512726727e-07,
  "L2": 0.0004964348226768152,
  "integral": 0.9990080245794681,
  "final_loss": 0.15408894419670105,
  "final_pde": 0.15401020646095276,
  "final_norm": 9.84182406682521e-07,
  "epochs": 15000,
  "N_col": 55296,
  "hidden": 128,
  "use_sine": true,
  "lam_hi": 300.0,
  "lam_lo": 80.0,
  "lr0": 0.0003,
  "device": "cuda"
}