{
  "potential": "infinite_well_rayleigh",
  "n": 8,
  "experiment_name": "rayleigh_A2",
  "seed": 2,
  "E_learned": 631.6547241210938,
  "E_exact": 631.6546816697189,
  "E_rel": 6.720661790438449e-08,
  "L2": 1.0943482403003006e-05,
  "integral": 1.0000010111482667,
  "final_loss": 4.494817039812915e-05,
  "final_pde": 4.494807944865897e-05,
  "final_norm": 1.1510792319313623e-12,
  "epochs": 15000,
  "N_col": 16384,
  "hidden": 256,
  "use_sine": true,
  "lam_hi": 300.0,
  "lam_lo": 80.0,
  "lr0": 0.0003,
  "device": "cuda"
}