{
  "potential": "infinite_well_rayleigh",
  "n": 27,
  "experiment_name": "rayleigh_A2",
  "seed": 3,
  "E_learned": 7194.9404296875,
  "E_exact": 7194.941608394141,
  "E_rel": 1.638243512726727e-07,
  "L2": 0.0004990851336320513,
  "integral": 0.9990029029835915,
  "final_loss": 0.15715891122817993,
  "final_pde": 0.15707938373088837,
  "final_norm": 9.941416010406101e-07,
  "epochs": 15000,
  "N_col": 55296,
  "hidden": 256,
  "use_sine": true,
  "lam_hi": 300.0,
  "lam_lo": 80.0,
  "lr0": 0.0003,
  "device": "cuda"
}