{
  "potential": "infinite_well_rayleigh",
  "n": 4,
  "experiment_name": "rayleigh_A1",
  "seed": 0,
  "E_learned": 157.9136962890625,
  "E_exact": 157.91367041742973,
  "E_rel": 1.6383402845196217e-07,
  "L2": 4.466932279127048e-05,
  "integral": 0.9999986968802471,
  "final_loss": 0.0001886819227365777,
  "final_pde": 0.00018868179176934063,
  "final_norm": 1.7195134205394424e-12,
  "epochs": 15000,
  "N_col": 8192,
  "hidden": 128,
  "use_sine": true,
  "lam_hi": 300.0,
  "lam_lo": 80.0,
  "lr0": 0.0003,
  "device": "cuda"
}