{
  "potential": "infinite_well_rayleigh",
  "n": 20,
  "experiment_name": "rayleigh_A1",
  "seed": 0,
  "E_learned": 3947.841552734375,
  "E_exact": 3947.8417604357433,
  "E_rel": 5.261137118901146e-08,
  "L2": 6.599685435043863e-05,
  "integral": 0.9998747115102053,
  "final_loss": 0.01881864108145237,
  "final_pde": 0.018817385658621788,
  "final_norm": 1.569732432926685e-08,
  "epochs": 15000,
  "N_col": 40960,
  "hidden": 128,
  "use_sine": true,
  "lam_hi": 300.0,
  "lam_lo": 80.0,
  "lr0": 0.0003,
  "device": "cuda"
}