{
  "potential": "infinite_well_rayleigh",
  "n": 28,
  "experiment_name": "rayleigh_A2",
  "seed": 2,
  "E_learned": 7737.76904296875,
  "E_exact": 7737.769850454057,
  "E_rel": 1.043563355241726e-07,
  "L2": 0.00024197451554573577,
  "integral": 0.9995194444490043,
  "final_loss": 0.07525066286325455,
  "final_pde": 0.07523219287395477,
  "final_norm": 2.3091162404398347e-07,
  "epochs": 15000,
  "N_col": 57344,
  "hidden": 256,
  "use_sine": true,
  "lam_hi": 300.0,
  "lam_lo": 80.0,
  "lr0": 0.0003,
  "device": "cuda"
}