{
  "potential": "harmonic_rayleigh",
  "n": 0,
  "experiment_name": "rayleigh_harmonic_A1",
  "seed": 2,
  "E_learned": 2.500596284866333,
  "E_exact": 0.5,
  "E_rel": 4.0011925697246635,
  "L2": 0.408121686816298,
  "integral": 0.9999731757492338,
  "final_loss": 0.00014556712994817644,
  "final_pde": 0.0001455598685424775,
  "final_norm": 7.258336154336575e-10,
  "epochs": 4000,
  "N_col": 2048,
  "hidden": 128,
  "use_sine": true,
  "domain_L": 6.0,
  "lam_hi": 40.0,
  "lam_lo": 10.0,
  "lr0": 0.001,
  "device": "cuda"
}