{
  "potential": "infinite_well_rayleigh",
  "n": 24,
  "experiment_name": "rayleigh_A1",
  "seed": 2,
  "E_learned": 5684.8916015625,
  "E_exact": 5684.89213502747,
  "E_rel": 9.383906638157585e-08,
  "L2": 1.7410789832166468e-05,
  "integral": 0.9999764959615915,
  "final_loss": 0.003180799074470997,
  "final_pde": 0.0031807550694793463,
  "final_norm": 5.515090606422746e-10,
  "epochs": 15000,
  "N_col": 49152,
  "hidden": 128,
  "use_sine": true,
  "lam_hi": 300.0,
  "lam_lo": 80.0,
  "lr0": 0.0003,
  "device": "cuda"
}