{
  "potential": "infinite_well_rayleigh",
  "n": 12,
  "experiment_name": "rayleigh_A2",
  "seed": 1,
  "E_learned": 1421.2230224609375,
  "E_exact": 1421.2230337568676,
  "E_rel": 7.948034783728215e-09,
  "L2": 8.180405556599952e-06,
  "integral": 0.999999349028451,
  "final_loss": 0.00031432468676939607,
  "final_pde": 0.0003143246576655656,
  "final_norm": 3.552713678800501e-13,
  "epochs": 15000,
  "N_col": 24576,
  "hidden": 256,
  "use_sine": true,
  "lam_hi": 300.0,
  "lam_lo": 80.0,
  "lr0": 0.0003,
  "device": "cuda"
}