{
  "potential": "infinite_well_rayleigh",
  "n": 1,
  "experiment_name": "rayleigh_A2",
  "seed": 1,
  "E_learned": 9.869604110717773,
  "E_exact": 9.869604401089358,
  "E_rel": 2.9420792643191023e-08,
  "L2": 3.0766867337765286e-05,
  "integral": 0.999999097879811,
  "final_loss": 2.5369474315084517e-05,
  "final_pde": 2.53694652201375e-05,
  "final_norm": 9.094947017729282e-13,
  "epochs": 4000,
  "N_col": 2048,
  "hidden": 256,
  "use_sine": true,
  "lam_hi": 40.0,
  "lam_lo": 10.0,
  "lr0": 0.001,
  "device": "cuda"
}