{
  "potential": "infinite_well_rayleigh",
  "n": 9,
  "experiment_name": "rayleigh_A1",
  "seed": 1,
  "E_learned": 799.4378662109375,
  "E_exact": 799.437956488238,
  "E_rel": 1.1292596225665642e-07,
  "L2": 2.8974076417036298e-05,
  "integral": 0.9999970061753151,
  "final_loss": 0.00038815996958874166,
  "final_pde": 0.0003881592710968107,
  "final_norm": 8.881784197001252e-12,
  "epochs": 15000,
  "N_col": 18432,
  "hidden": 128,
  "use_sine": true,
  "lam_hi": 300.0,
  "lam_lo": 80.0,
  "lr0": 0.0003,
  "device": "cuda"
}