{
  "potential": "infinite_well_rayleigh",
  "n": 30,
  "experiment_name": "rayleigh_A2",
  "seed": 3,
  "E_learned": 8882.625,
  "E_exact": 8882.64396098042,
  "E_rel": 2.134609976877662e-06,
  "L2": 0.9312124517392872,
  "integral": 0.004699759104062952,
  "final_loss": 79.27337646484375,
  "final_pde": 0.02356838248670101,
  "final_norm": 0.9906225800514221,
  "epochs": 15000,
  "N_col": 61440,
  "hidden": 256,
  "use_sine": true,
  "lam_hi": 300.0,
  "lam_lo": 80.0,
  "lr0": 0.0003,
  "device": "cuda"
}