{
  "potential": "infinite_well_rayleigh",
  "n": 28,
  "experiment_name": "rayleigh_A1",
  "seed": 4,
  "E_learned": 7737.7685546875,
  "E_exact": 7737.769850454057,
  "E_rel": 1.674599505756525e-07,
  "L2": 0.00022570088256122192,
  "integral": 0.9995487340123614,
  "final_loss": 0.07312017679214478,
  "final_pde": 0.0731038898229599,
  "final_norm": 2.0358790209229483e-07,
  "epochs": 15000,
  "N_col": 57344,
  "hidden": 128,
  "use_sine": true,
  "lam_hi": 300.0,
  "lam_lo": 80.0,
  "lr0": 0.0003,
  "device": "cuda"
}