{
  "potential": "infinite_well_rayleigh",
  "n": 10,
  "experiment_name": "rayleigh_A1",
  "seed": 4,
  "E_learned": 986.9602661132812,
  "E_exact": 986.9604401089358,
  "E_rel": 1.762944566899119e-07,
  "L2": 1.3670624896998054e-05,
  "integral": 0.9999955225439812,
  "final_loss": 0.0003304727142676711,
  "final_pde": 0.0003304711717646569,
  "final_norm": 1.9454660105111543e-11,
  "epochs": 15000,
  "N_col": 20480,
  "hidden": 128,
  "use_sine": true,
  "lam_hi": 300.0,
  "lam_lo": 80.0,
  "lr0": 0.0003,
  "device": "cuda"
}