{
  "potential": "infinite_well_rayleigh",
  "n": 26,
  "experiment_name": "rayleigh_A1",
  "seed": 4,
  "E_learned": 6671.8525390625,
  "E_exact": 6671.852575136407,
  "E_rel": 5.406880084139047e-09,
  "L2": 0.00013361833755582908,
  "integral": 0.9997327794148674,
  "final_loss": 0.043066736310720444,
  "final_pde": 0.0430610254406929,
  "final_norm": 7.139990998439316e-08,
  "epochs": 15000,
  "N_col": 53248,
  "hidden": 128,
  "use_sine": true,
  "lam_hi": 300.0,
  "lam_lo": 80.0,
  "lr0": 0.0003,
  "device": "cuda"
}