{
  "potential": "infinite_well_rayleigh",
  "n": 26,
  "experiment_name": "rayleigh_A2",
  "seed": 2,
  "E_learned": 6671.8525390625,
  "E_exact": 6671.852575136407,
  "E_rel": 5.406880084139047e-09,
  "L2": 0.00013363392007342635,
  "integral": 0.9997404859565922,
  "final_loss": 0.04705497622489929,
  "final_pde": 0.047049589455127716,
  "final_norm": 6.73499158665436e-08,
  "epochs": 15000,
  "N_col": 53248,
  "hidden": 256,
  "use_sine": true,
  "lam_hi": 300.0,
  "lam_lo": 80.0,
  "lr0": 0.0003,
  "device": "cuda"
}