{
  "potential": "infinite_well_rayleigh",
  "n": 28,
  "experiment_name": "rayleigh_A1",
  "seed": 2,
  "E_learned": 7737.76904296875,
  "E_exact": 7737.769850454057,
  "E_rel": 1.043563355241726e-07,
  "L2": 0.00023498698467399617,
  "integral": 0.9995303339990653,
  "final_loss": 0.0733427032828331,
  "final_pde": 0.07332505285739899,
  "final_norm": 2.2060362425690982e-07,
  "epochs": 15000,
  "N_col": 57344,
  "hidden": 128,
  "use_sine": true,
  "lam_hi": 300.0,
  "lam_lo": 80.0,
  "lr0": 0.0003,
  "device": "cuda"
}