{
  "potential": "infinite_well_rayleigh",
  "n": 16,
  "experiment_name": "rayleigh_A1",
  "seed": 4,
  "E_learned": 2526.61865234375,
  "E_exact": 2526.6187266788756,
  "E_rel": 2.942079264319399e-08,
  "L2": 8.965692844638905e-06,
  "integral": 1.0000028327670898,
  "final_loss": 0.00011435974010964856,
  "final_pde": 0.00011435908527346328,
  "final_norm": 8.185452315956354e-12,
  "epochs": 15000,
  "N_col": 32768,
  "hidden": 128,
  "use_sine": true,
  "lam_hi": 300.0,
  "lam_lo": 80.0,
  "lr0": 0.0003,
  "device": "cuda"
}