{
  "potential": "infinite_well_rayleigh",
  "n": 4,
  "experiment_name": "rayleigh_A2",
  "seed": 2,
  "E_learned": 157.91368103027344,
  "E_exact": 157.91367041742973,
  "E_rel": 6.720661790438417e-08,
  "L2": 5.193942181976587e-05,
  "integral": 0.9999977674801577,
  "final_loss": 0.00025715213268995285,
  "final_pde": 0.0002571517543401569,
  "final_norm": 4.863665026277886e-12,
  "epochs": 15000,
  "N_col": 8192,
  "hidden": 256,
  "use_sine": true,
  "lam_hi": 300.0,
  "lam_lo": 80.0,
  "lr0": 0.0003,
  "device": "cuda"
}