{
  "potential": "infinite_well_rayleigh",
  "n": 12,
  "experiment_name": "rayleigh_A1",
  "seed": 3,
  "E_learned": 1421.222900390625,
  "E_exact": 1421.2230337568676,
  "E_rel": 9.38390663815758e-08,
  "L2": 3.357790333944969e-05,
  "integral": 0.9999918472929439,
  "final_loss": 0.0011390295112505555,
  "final_pde": 0.0011390242725610733,
  "final_norm": 6.571099220309407e-11,
  "epochs": 15000,
  "N_col": 24576,
  "hidden": 128,
  "use_sine": true,
  "lam_hi": 300.0,
  "lam_lo": 80.0,
  "lr0": 0.0003,
  "device": "cuda"
}