{
  "potential": "infinite_well_rayleigh",
  "n": 14,
  "experiment_name": "rayleigh_A1",
  "seed": 1,
  "E_learned": 1934.4422607421875,
  "E_exact": 1934.4424626135142,
  "E_rel": 1.0435633552417257e-07,
  "L2": 4.214312177743191e-05,
  "integral": 0.9999355834037356,
  "final_loss": 0.009662514552474022,
  "final_pde": 0.009662183001637459,
  "final_norm": 4.143885234952904e-09,
  "epochs": 15000,
  "N_col": 28672,
  "hidden": 128,
  "use_sine": true,
  "lam_hi": 300.0,
  "lam_lo": 80.0,
  "lr0": 0.0003,
  "device": "cuda"
}