{
  "potential": "infinite_well_rayleigh",
  "n": 19,
  "experiment_name": "rayleigh_A2",
  "seed": 1,
  "E_learned": 3562.927490234375,
  "E_exact": 3562.9271887932578,
  "E_rel": 8.460490525670565e-08,
  "L2": 2.8909144248903574e-05,
  "integral": 1.0000151018701335,
  "final_loss": 0.0018330897437408566,
  "final_pde": 0.0018330716993659735,
  "final_norm": 2.25611529458547e-10,
  "epochs": 15000,
  "N_col": 38912,
  "hidden": 256,
  "use_sine": true,
  "lam_hi": 300.0,
  "lam_lo": 80.0,
  "lr0": 0.0003,
  "device": "cuda"
}