{
  "potential": "infinite_well_rayleigh",
  "n": 10,
  "experiment_name": "rayleigh_A2",
  "seed": 2,
  "E_learned": 986.9603271484375,
  "E_exact": 986.9604401089358,
  "E_rel": 1.1445291393946166e-07,
  "L2": 1.2801405954587606e-05,
  "integral": 1.0000004466277606,
  "final_loss": 0.0003411400830373168,
  "final_pde": 0.00034114005393348634,
  "final_norm": 2.2737367544323206e-13,
  "epochs": 15000,
  "N_col": 20480,
  "hidden": 256,
  "use_sine": true,
  "lam_hi": 300.0,
  "lam_lo": 80.0,
  "lr0": 0.0003,
  "device": "cuda"
}