{
  "potential": "infinite_well_rayleigh",
  "n": 9,
  "experiment_name": "rayleigh_A1",
  "seed": 3,
  "E_learned": 799.4378662109375,
  "E_exact": 799.437956488238,
  "E_rel": 1.1292596225665642e-07,
  "L2": 3.4101062214776026e-05,
  "integral": 0.999996176378148,
  "final_loss": 0.0005353948217816651,
  "final_pde": 0.0005353936576284468,
  "final_norm": 1.4551915228366852e-11,
  "epochs": 15000,
  "N_col": 18432,
  "hidden": 128,
  "use_sine": true,
  "lam_hi": 300.0,
  "lam_lo": 80.0,
  "lr0": 0.0003,
  "device": "cuda"
}