{
  "potential": "infinite_well_rayleigh",
  "n": 12,
  "experiment_name": "rayleigh_A1",
  "seed": 1,
  "E_learned": 1421.222900390625,
  "E_exact": 1421.2230337568676,
  "E_rel": 9.38390663815758e-08,
  "L2": 2.8107052074262468e-05,
  "integral": 0.9999925395489896,
  "final_loss": 0.0008675450808368623,
  "final_pde": 0.0008675407152622938,
  "final_norm": 5.46265255252365e-11,
  "epochs": 15000,
  "N_col": 24576,
  "hidden": 128,
  "use_sine": true,
  "lam_hi": 300.0,
  "lam_lo": 80.0,
  "lr0": 0.0003,
  "device": "cuda"
}