{
  "potential": "infinite_well_rayleigh",
  "n": 5,
  "experiment_name": "rayleigh_A2",
  "seed": 4,
  "E_learned": 246.74008178710938,
  "E_exact": 246.74011002723395,
  "E_rel": 1.1445291393946132e-07,
  "L2": 5.352734843627955e-05,
  "integral": 0.9999973189044578,
  "final_loss": 0.0004050010466016829,
  "final_pde": 0.0004050004354212433,
  "final_norm": 7.51754214434186e-12,
  "epochs": 15000,
  "N_col": 10240,
  "hidden": 256,
  "use_sine": true,
  "lam_hi": 300.0,
  "lam_lo": 80.0,
  "lr0": 0.0003,
  "device": "cuda"
}