{
  "potential": "infinite_well_rayleigh",
  "n": 13,
  "experiment_name": "rayleigh_A2",
  "seed": 3,
  "E_learned": 1667.9632568359375,
  "E_exact": 1667.9631437841017,
  "E_rel": 6.77783776087015e-08,
  "L2": 9.930787168231244e-06,
  "integral": 1.0000019698941112,
  "final_loss": 0.00011280497710686177,
  "final_pde": 0.0001128046860685572,
  "final_norm": 3.637978807091713e-12,
  "epochs": 15000,
  "N_col": 26624,
  "hidden": 256,
  "use_sine": true,
  "lam_hi": 300.0,
  "lam_lo": 80.0,
  "lr0": 0.0003,
  "device": "cuda"
}