{
  "potential": "infinite_well_rayleigh",
  "n": 25,
  "experiment_name": "rayleigh_A1",
  "seed": 4,
  "E_learned": 6168.50244140625,
  "E_exact": 6168.502750680849,
  "E_rel": 5.013770953889165e-08,
  "L2": 1.2727266015653079e-05,
  "integral": 0.999993793769762,
  "final_loss": 0.0034253650810569525,
  "final_pde": 0.003425362054258585,
  "final_norm": 3.916866830877552e-11,
  "epochs": 15000,
  "N_col": 51200,
  "hidden": 128,
  "use_sine": true,
  "lam_hi": 300.0,
  "lam_lo": 80.0,
  "lr0": 0.0003,
  "device": "cuda"
}