{
  "potential": "infinite_well_rayleigh",
  "n": 3,
  "experiment_name": "rayleigh_A1",
  "seed": 4,
  "E_learned": 88.82643127441406,
  "E_exact": 88.82643960980423,
  "E_rel": 9.383906638157482e-08,
  "L2": 4.0333872860186644e-05,
  "integral": 0.9999990461883599,
  "final_loss": 0.00015802813868504018,
  "final_pde": 0.00015802806592546403,
  "final_norm": 9.094947017729282e-13,
  "epochs": 9000,
  "N_col": 6144,
  "hidden": 128,
  "use_sine": true,
  "lam_hi": 300.0,
  "lam_lo": 80.0,
  "lr0": 0.0005,
  "device": "cuda"
}