{
  "potential": "infinite_well_rayleigh",
  "n": 29,
  "experiment_name": "rayleigh_A1",
  "seed": 2,
  "E_learned": 8300.3359375,
  "E_exact": 8300.33730131615,
  "E_rel": 1.6430852160986425e-07,
  "L2": 0.006549870744815192,
  "integral": 0.9869399898284379,
  "final_loss": 2.0657026767730713,
  "final_pde": 2.0520575046539307,
  "final_norm": 0.00017056446813512594,
  "epochs": 15000,
  "N_col": 59392,
  "hidden": 128,
  "use_sine": true,
  "lam_hi": 300.0,
  "lam_lo": 80.0,
  "lr0": 0.0003,
  "device": "cuda"
}