{
  "potential": "infinite_well_rayleigh",
  "n": 9,
  "experiment_name": "rayleigh_A1",
  "seed": 2,
  "E_learned": 799.43798828125,
  "E_exact": 799.437956488238,
  "E_rel": 3.9769205028405865e-08,
  "L2": 2.6237739315272827e-05,
  "integral": 0.999997364070021,
  "final_loss": 0.0003229700378142297,
  "final_pde": 0.00032296942663379014,
  "final_norm": 7.51754214434186e-12,
  "epochs": 15000,
  "N_col": 18432,
  "hidden": 128,
  "use_sine": true,
  "lam_hi": 300.0,
  "lam_lo": 80.0,
  "lr0": 0.0003,
  "device": "cuda"
}