{
  "potential": "infinite_well_rayleigh",
  "n": 17,
  "experiment_name": "rayleigh_A2",
  "seed": 4,
  "E_learned": 2852.315185546875,
  "E_exact": 2852.3156719148246,
  "E_rel": 1.7051687315778377e-07,
  "L2": 3.32059810345325e-05,
  "integral": 1.0000114313824933,
  "final_loss": 0.0017624672036617994,
  "final_pde": 0.001762456726282835,
  "final_norm": 1.3096723705530167e-10,
  "epochs": 15000,
  "N_col": 34816,
  "hidden": 256,
  "use_sine": true,
  "lam_hi": 300.0,
  "lam_lo": 80.0,
  "lr0": 0.0003,
  "device": "cuda"
}