{
  "potential": "infinite_well_rayleigh",
  "n": 21,
  "experiment_name": "rayleigh_A1",
  "seed": 4,
  "E_learned": 4352.49462890625,
  "E_exact": 4352.495540880407,
  "E_rel": 2.095290273288789e-07,
  "L2": 0.00046490097819086655,
  "integral": 0.9990702486516808,
  "final_loss": 0.15004992485046387,
  "final_pde": 0.14998075366020203,
  "final_norm": 8.645884008728899e-07,
  "epochs": 15000,
  "N_col": 43008,
  "hidden": 128,
  "use_sine": true,
  "lam_hi": 300.0,
  "lam_lo": 80.0,
  "lr0": 0.0003,
  "device": "cuda"
}