{
  "potential": "infinite_well_rayleigh",
  "n": 27,
  "experiment_name": "rayleigh_A2",
  "seed": 0,
  "E_learned": 7194.9404296875,
  "E_exact": 7194.941608394141,
  "E_rel": 1.638243512726727e-07,
  "L2": 0.0004900159930515157,
  "integral": 0.9990213741741705,
  "final_loss": 0.15969473123550415,
  "final_pde": 0.15961812436580658,
  "final_norm": 9.576365300745238e-07,
  "epochs": 15000,
  "N_col": 55296,
  "hidden": 256,
  "use_sine": true,
  "lam_hi": 300.0,
  "lam_lo": 80.0,
  "lr0": 0.0003,
  "device": "cuda"
}