{
  "potential": "infinite_well_rayleigh",
  "n": 11,
  "experiment_name": "rayleigh_A1",
  "seed": 1,
  "E_learned": 1194.2220458984375,
  "E_exact": 1194.2221325318121,
  "E_rel": 7.254376908758372e-08,
  "L2": 2.759246579525896e-05,
  "integral": 0.9999947747417172,
  "final_loss": 0.0007132934406399727,
  "final_pde": 0.0007132911705411971,
  "final_norm": 2.8141045049778768e-11,
  "epochs": 15000,
  "N_col": 22528,
  "hidden": 128,
  "use_sine": true,
  "lam_hi": 300.0,
  "lam_lo": 80.0,
  "lr0": 0.0003,
  "device": "cuda"
}