{
  "potential": "infinite_well_rayleigh",
  "n": 4,
  "experiment_name": "rayleigh_A2",
  "seed": 1,
  "E_learned": 157.91366577148438,
  "E_exact": 157.91367041742973,
  "E_rel": 2.942079264319382e-08,
  "L2": 5.793908328794403e-05,
  "integral": 0.9999976827251618,
  "final_loss": 0.0003211098664905876,
  "final_pde": 0.00032110942993313074,
  "final_norm": 5.403677505455562e-12,
  "epochs": 15000,
  "N_col": 8192,
  "hidden": 256,
  "use_sine": true,
  "lam_hi": 300.0,
  "lam_lo": 80.0,
  "lr0": 0.0003,
  "device": "cuda"
}