{
  "potential": "infinite_well_rayleigh",
  "n": 9,
  "experiment_name": "rayleigh_A1",
  "seed": 4,
  "E_learned": 799.43798828125,
  "E_exact": 799.437956488238,
  "E_rel": 3.9769205028405865e-08,
  "L2": 1.690904230260376e-05,
  "integral": 0.9999978232556915,
  "final_loss": 0.0001344266493106261,
  "final_pde": 0.0001344262418569997,
  "final_norm": 5.130118552187923e-12,
  "epochs": 15000,
  "N_col": 18432,
  "hidden": 128,
  "use_sine": true,
  "lam_hi": 300.0,
  "lam_lo": 80.0,
  "lr0": 0.0003,
  "device": "cuda"
}