{
  "potential": "infinite_well_rayleigh",
  "n": 4,
  "experiment_name": "rayleigh_A1",
  "seed": 3,
  "E_learned": 157.91368103027344,
  "E_exact": 157.91367041742973,
  "E_rel": 6.720661790438417e-08,
  "L2": 5.127801266020671e-05,
  "integral": 0.9999984702498185,
  "final_loss": 0.0002488188911229372,
  "final_pde": 0.000248818687396124,
  "final_norm": 2.4016344468691386e-12,
  "epochs": 15000,
  "N_col": 8192,
  "hidden": 128,
  "use_sine": true,
  "lam_hi": 300.0,
  "lam_lo": 80.0,
  "lr0": 0.0003,
  "device": "cuda"
}