{
  "potential": "infinite_well_rayleigh",
  "n": 26,
  "experiment_name": "rayleigh_A2",
  "seed": 3,
  "E_learned": 6671.85302734375,
  "E_exact": 6671.852575136407,
  "E_rel": 6.777837760870153e-08,
  "L2": 0.000137633129297426,
  "integral": 0.9997263489470849,
  "final_loss": 0.043815694749355316,
  "final_pde": 0.04380970448255539,
  "final_norm": 7.488154096790822e-08,
  "epochs": 15000,
  "N_col": 53248,
  "hidden": 256,
  "use_sine": true,
  "lam_hi": 300.0,
  "lam_lo": 80.0,
  "lr0": 0.0003,
  "device": "cuda"
}