{
  "potential": "infinite_well_rayleigh",
  "n": 7,
  "experiment_name": "rayleigh_A1",
  "seed": 4,
  "E_learned": 483.6105651855469,
  "E_exact": 483.61061565337855,
  "E_rel": 1.043563355241724e-07,
  "L2": 2.970944460221081e-05,
  "integral": 0.9999985517497043,
  "final_loss": 0.0002450919128023088,
  "final_pde": 0.00024509173817932606,
  "final_norm": 2.220446049250313e-12,
  "epochs": 15000,
  "N_col": 14336,
  "hidden": 128,
  "use_sine": true,
  "lam_hi": 300.0,
  "lam_lo": 80.0,
  "lr0": 0.0003,
  "device": "cuda"
}