{
  "potential": "infinite_well_rayleigh",
  "n": 24,
  "experiment_name": "rayleigh_A1",
  "seed": 1,
  "E_learned": 5684.8916015625,
  "E_exact": 5684.89213502747,
  "E_rel": 9.383906638157585e-08,
  "L2": 2.9565224379156167e-05,
  "integral": 0.9999654295006575,
  "final_loss": 0.004074718337506056,
  "final_pde": 0.004074622876942158,
  "final_norm": 1.1951328815484885e-09,
  "epochs": 15000,
  "N_col": 49152,
  "hidden": 128,
  "use_sine": true,
  "lam_hi": 300.0,
  "lam_lo": 80.0,
  "lr0": 0.0003,
  "device": "cuda"
}