{
  "potential": "infinite_well_rayleigh",
  "n": 22,
  "experiment_name": "rayleigh_A1",
  "seed": 3,
  "E_learned": 4776.88818359375,
  "E_exact": 4776.8885301272485,
  "E_rel": 7.254376908758376e-08,
  "L2": 0.00031835624615925574,
  "integral": 0.9993681823338599,
  "final_loss": 0.10040851682424545,
  "final_pde": 0.10037658363580704,
  "final_norm": 3.991829089500243e-07,
  "epochs": 15000,
  "N_col": 45056,
  "hidden": 128,
  "use_sine": true,
  "lam_hi": 300.0,
  "lam_lo": 80.0,
  "lr0": 0.0003,
  "device": "cuda"
}