{
  "potential": "infinite_well_rayleigh",
  "n": 1,
  "experiment_name": "rayleigh_A1",
  "seed": 1,
  "E_learned": 9.86960506439209,
  "E_exact": 9.869604401089358,
  "E_rel": 6.720661790437778e-08,
  "L2": 4.178232774421142e-05,
  "integral": 0.9999983934348913,
  "final_loss": 4.712064401246607e-05,
  "final_pde": 4.7120614908635616e-05,
  "final_norm": 2.7853275241795927e-12,
  "epochs": 4000,
  "N_col": 2048,
  "hidden": 128,
  "use_sine": true,
  "lam_hi": 40.0,
  "lam_lo": 10.0,
  "lr0": 0.001,
  "device": "cuda"
}