{
  "potential": "infinite_well_rayleigh",
  "n": 23,
  "experiment_name": "rayleigh_A2",
  "seed": 4,
  "E_learned": 5221.02001953125,
  "E_exact": 5221.02072817627,
  "E_rel": 1.3572921014493033e-07,
  "L2": 3.768535802453633e-05,
  "integral": 1.0000215433541162,
  "final_loss": 0.005100481677800417,
  "final_pde": 0.005100444424897432,
  "final_norm": 4.6556181132473284e-10,
  "epochs": 15000,
  "N_col": 47104,
  "hidden": 256,
  "use_sine": true,
  "lam_hi": 300.0,
  "lam_lo": 80.0,
  "lr0": 0.0003,
  "device": "cuda"
}