{
  "1": {
    "A1": {
      "collapse_rate": 0.0,
      "ci_lo": 0,
      "ci_hi": 0.43449149475208104,
      "n_converged": 5,
      "E_rel_median": 6.720661790437778e-08
    },
    "A2": {
      "collapse_rate": 0.0,
      "ci_lo": 0,
      "ci_hi": 0.43449149475208104,
      "n_converged": 5,
      "E_rel_median": 2.9420792643191023e-08
    }
  },
  "2": {
    "A1": {
      "collapse_rate": 0.0,
      "ci_lo": 0,
      "ci_hi": 0.43449149475208104,
      "n_converged": 5,
      "E_rel_median": 6.720661790438289e-08
    },
    "A2": {
      "collapse_rate": 0.0,
      "ci_lo": 0,
      "ci_hi": 0.43449149475208104,
      "n_converged": 5,
      "E_rel_median": 1.260482031907694e-07
    }
  },
  "3": {
    "A1": {
      "collapse_rate": 0.0,
      "ci_lo": 0,
      "ci_hi": 0.43449149475208104,
      "n_converged": 5,
      "E_rel_median": 9.383906638157482e-08
    },
    "A2": {
      "collapse_rate": 0.0,
      "ci_lo": 0,
      "ci_hi": 0.43449149475208104,
      "n_converged": 5,
      "E_rel_median": 7.94803478372813e-09
    }
  },
  "4": {
    "A1": {
      "collapse_rate": 0.0,
      "ci_lo": 0,
      "ci_hi": 0.43449149475208104,
      "n_converged": 5,
      "E_rel_median": 6.720661790438417e-08
    },
    "A2": {
      "collapse_rate": 0.0,
      "ci_lo": 0,
      "ci_hi": 0.43449149475208104,
      "n_converged": 5,
      "E_rel_median": 6.720661790438417e-08
    }
  },
  "5": {
    "A1": {
      "collapse_rate": 0.0,
      "ci_lo": 0,
      "ci_hi": 0.43449149475208104,
      "n_converged": 5,
      "E_rel_median": 5.261137118901126e-08
    },
    "A2": {
      "collapse_rate": 0.0,
      "ci_lo": 0,
      "ci_hi": 0.43449149475208104,
      "n_converged": 5,
      "E_rel_median": 5.261137118901126e-08
    }
  },
  "6": {
    "A1": {
      "collapse_rate": 0.0,
      "ci_lo": 0,
      "ci_hi": 0.43449149475208104,
      "n_converged": 5,
      "E_rel_median": 7.948034783728197e-09
    },
    "A2": {
      "collapse_rate": 0.0,
      "ci_lo": 0,
      "ci_hi": 0.43449149475208104,
      "n_converged": 5,
      "E_rel_median": 9.38390663815756e-08
    }
  },
  "7": {
    "A1": {
      "collapse_rate": 0.0,
      "ci_lo": 0,
      "ci_hi": 0.43449149475208104,
      "n_converged": 5,
      "E_rel_median": 1.043563355241724e-07
    },
    "A2": {
      "collapse_rate": 0.0,
      "ci_lo": 0,
      "ci_hi": 0.43449149475208104,
      "n_converged": 5,
      "E_rel_median": 1.6745995057565216e-07
    }
  },
  "8": {
    "A1": {
      "collapse_rate": 0.0,
      "ci_lo": 0,
      "ci_hi": 0.43449149475208104,
      "n_converged": 5,
      "E_rel_median": 2.9420792643193955e-08
    },
    "A2": {
      "collapse_rate": 0.0,
      "ci_lo": 0,
      "ci_hi": 0.43449149475208104,
      "n_converged": 5,
      "E_rel_median": 6.720661790438449e-08
    }
  },
  "9": {
    "A1": {
      "collapse_rate": 0.0,
      "ci_lo": 0,
      "ci_hi": 0.43449149475208104,
      "n_converged": 5,
      "E_rel_median": 1.1292596225665642e-07
    },
    "A2": {
      "collapse_rate": 0.0,
      "ci_lo": 0,
      "ci_hi": 0.43449149475208104,
      "n_converged": 5,
      "E_rel_median": 3.9769205028405865e-08
    }
  },
  "10": {
    "A1": {
      "collapse_rate": 0.0,
      "ci_lo": 0,
      "ci_hi": 0.43449149475208104,
      "n_converged": 5,
      "E_rel_median": 1.1445291393946166e-07
    },
    "A2": {
      "collapse_rate": 0.0,
      "ci_lo": 0,
      "ci_hi": 0.43449149475208104,
      "n_converged": 5,
      "E_rel_median": 1.1445291393946166e-07
    }
  },
  "11": {
    "A1": {
      "collapse_rate": 0.0,
      "ci_lo": 0,
      "ci_hi": 0.43449149475208104,
      "n_converged": 5,
      "E_rel_median": 1.747611951213858e-07
    },
    "A2": {
      "collapse_rate": 0.0,
      "ci_lo": 0,
      "ci_hi": 0.43449149475208104,
      "n_converged": 5,
      "E_rel_median": 7.254376908758372e-08
    }
  },
  "12": {
    "A1": {
      "collapse_rate": 0.0,
      "ci_lo": 0,
      "ci_hi": 0.43449149475208104,
      "n_converged": 5,
      "E_rel_median": 9.38390663815758e-08
    },
    "A2": {
      "collapse_rate": 0.0,
      "ci_lo": 0,
      "ci_hi": 0.43449149475208104,
      "n_converged": 5,
      "E_rel_median": 7.948034783728215e-09
    }
  },
  "13": {
    "A1": {
      "collapse_rate": 0.0,
      "ci_lo": 0,
      "ci_hi": 0.43449149475208104,
      "n_converged": 5,
      "E_rel_median": 6.77783776087015e-08
    },
    "A2": {
      "collapse_rate": 0.0,
      "ci_lo": 0,
      "ci_hi": 0.43449149475208104,
      "n_converged": 5,
      "E_rel_median": 6.77783776087015e-08
    }
  },
  "14": {
    "A1": {
      "collapse_rate": 0.0,
      "ci_lo": 0,
      "ci_hi": 0.43449149475208104,
      "n_converged": 5,
      "E_rel_median": 1.0435633552417257e-07
    },
    "A2": {
      "collapse_rate": 0.0,
      "ci_lo": 0,
      "ci_hi": 0.43449149475208104,
      "n_converged": 5,
      "E_rel_median": 1.6745995057565243e-07
    }
  },
  "15": {
    "A1": {
      "collapse_rate": 0.0,
      "ci_lo": 0,
      "ci_hi": 0.43449149475208104,
      "n_converged": 5,
      "E_rel_median": 6.420043202723777e-08
    },
    "A2": {
      "collapse_rate": 0.0,
      "ci_lo": 0,
      "ci_hi": 0.43449149475208104,
      "n_converged": 5,
      "E_rel_median": 4.574008841800719e-08
    }
  },
  "16": {
    "A1": {
      "collapse_rate": 0.0,
      "ci_lo": 0,
      "ci_hi": 0.43449149475208104,
      "n_converged": 5,
      "E_rel_median": 2.942079264319399e-08
    },
    "A2": {
      "collapse_rate": 0.0,
      "ci_lo": 0,
      "ci_hi": 0.43449149475208104,
      "n_converged": 5,
      "E_rel_median": 6.720661790438457e-08
    }
  },
  "17": {
    "A1": {
      "collapse_rate": 0.0,
      "ci_lo": 0,
      "ci_hi": 0.43449149475208104,
      "n_converged": 5,
      "E_rel_median": 8.49230423613128e-08
    },
    "A2": {
      "collapse_rate": 0.0,
      "ci_lo": 0,
      "ci_hi": 0.43449149475208104,
      "n_converged": 5,
      "E_rel_median": 1.7051687315778377e-07
    }
  },
  "18": {
    "A1": {
      "collapse_rate": 0.0,
      "ci_lo": 0,
      "ci_hi": 0.43449149475208104,
      "n_converged": 5,
      "E_rel_median": 3.657837861412531e-08
    },
    "A2": {
      "collapse_rate": 0.0,
      "ci_lo": 0,
      "ci_hi": 0.43449149475208104,
      "n_converged": 5,
      "E_rel_median": 3.657837861412531e-08
    }
  },
  "19": {
    "A1": {
      "collapse_rate": 0.0,
      "ci_lo": 0,
      "ci_hi": 0.43449149475208104,
      "n_converged": 5,
      "E_rel_median": 1.6082420214655463e-08
    },
    "A2": {
      "collapse_rate": 0.0,
      "ci_lo": 0,
      "ci_hi": 0.43449149475208104,
      "n_converged": 5,
      "E_rel_median": 5.2440064827394726e-08
    }
  },
  "20": {
    "A1": {
      "collapse_rate": 0.0,
      "ci_lo": 0,
      "ci_hi": 0.43449149475208104,
      "n_converged": 5,
      "E_rel_median": 5.261137118901146e-08
    },
    "A2": {
      "collapse_rate": 0.0,
      "ci_lo": 0,
      "ci_hi": 0.43449149475208104,
      "n_converged": 5,
      "E_rel_median": 1.1445291393946175e-07
    }
  },
  "21": {
    "A1": {
      "collapse_rate": 0.0,
      "ci_lo": 0,
      "ci_hi": 0.43449149475208104,
      "n_converged": 5,
      "E_rel_median": 9.734482279291467e-08
    },
    "A2": {
      "collapse_rate": 0.0,
      "ci_lo": 0,
      "ci_hi": 0.43449149475208104,
      "n_converged": 5,
      "E_rel_median": 9.734482279291467e-08
    }
  },
  "22": {
    "A1": {
      "collapse_rate": 0.0,
      "ci_lo": 0,
      "ci_hi": 0.43449149475208104,
      "n_converged": 5,
      "E_rel_median": 1.7476119512138591e-07
    },
    "A2": {
      "collapse_rate": 0.0,
      "ci_lo": 0,
      "ci_hi": 0.43449149475208104,
      "n_converged": 5,
      "E_rel_median": 1.7476119512138591e-07
    }
  },
  "23": {
    "A1": {
      "collapse_rate": 0.0,
      "ci_lo": 0,
      "ci_hi": 0.43449149475208104,
      "n_converged": 5,
      "E_rel_median": 4.220702829169735e-08
    },
    "A2": {
      "collapse_rate": 0.0,
      "ci_lo": 0,