{
  "potential": "infinite_well_rayleigh",
  "n": 27,
  "experiment_name": "rayleigh_A1",
  "seed": 0,
  "E_learned": 7194.93994140625,
  "E_exact": 7194.941608394141,
  "E_rel": 2.3168887006603377e-07,
  "L2": 0.00048523944000137864,
  "integral": 0.9990296001855496,
  "final_loss": 0.1540207713842392,
  "final_pde": 0.1539454311132431,
  "final_norm": 9.417212254447804e-07,
  "epochs": 15000,
  "N_col": 55296,
  "hidden": 128,
  "use_sine": true,
  "lam_hi": 300.0,
  "lam_lo": 80.0,
  "lr0": 0.0003,
  "device": "cuda"
}