{
  "potential": "infinite_well_rayleigh",
  "n": 9,
  "experiment_name": "rayleigh_A2",
  "seed": 2,
  "E_learned": 799.4379272460938,
  "E_exact": 799.437956488238,
  "E_rel": 3.657837861412528e-08,
  "L2": 2.889263064871972e-05,
  "integral": 1.0000026377695803,
  "final_loss": 0.00039548930362798274,
  "final_pde": 0.00039548875065520406,
  "final_norm": 6.87805368215777e-12,
  "epochs": 15000,
  "N_col": 18432,
  "hidden": 256,
  "use_sine": true,
  "lam_hi": 300.0,
  "lam_lo": 80.0,
  "lr0": 0.0003,
  "device": "cuda"
}