{
  "potential": "infinite_well_rayleigh",
  "n": 20,
  "experiment_name": "rayleigh_A2",
  "seed": 1,
  "E_learned": 3947.841552734375,
  "E_exact": 3947.8417604357433,
  "E_rel": 5.261137118901146e-08,
  "L2": 5.548173489326196e-05,
  "integral": 0.9998993768146563,
  "final_loss": 0.019442111253738403,
  "final_pde": 0.019441301003098488,
  "final_norm": 1.0122903404408135e-08,
  "epochs": 15000,
  "N_col": 40960,
  "hidden": 256,
  "use_sine": true,
  "lam_hi": 300.0,
  "lam_lo": 80.0,
  "lr0": 0.0003,
  "device": "cuda"
}