{
  "potential": "infinite_well_rayleigh",
  "n": 19,
  "experiment_name": "rayleigh_A1",
  "seed": 2,
  "E_learned": 3562.92724609375,
  "E_exact": 3562.9271887932578,
  "E_rel": 1.6082420214655463e-08,
  "L2": 1.2294896661088582e-05,
  "integral": 0.9999930015212316,
  "final_loss": 0.0005127182230353355,
  "final_pde": 0.0005127142649143934,
  "final_norm": 4.9467985263618175e-11,
  "epochs": 15000,
  "N_col": 38912,
  "hidden": 128,
  "use_sine": true,
  "lam_hi": 300.0,
  "lam_lo": 80.0,
  "lr0": 0.0003,
  "device": "cuda"
}