{
  "potential": "infinite_well_rayleigh",
  "n": 23,
  "experiment_name": "rayleigh_A2",
  "seed": 2,
  "E_learned": 5221.0205078125,
  "E_exact": 5221.02072817627,
  "E_rel": 4.220702829169735e-08,
  "L2": 0.08558974390040051,
  "integral": 0.8361119757257442,
  "final_loss": 2.6006088256835938,
  "final_pde": 0.451828271150589,
  "final_norm": 0.02685975842177868,
  "epochs": 15000,
  "N_col": 47104,
  "hidden": 256,
  "use_sine": true,
  "lam_hi": 300.0,
  "lam_lo": 80.0,
  "lr0": 0.0003,
  "device": "cuda"
}