{
  "potential": "infinite_well_rayleigh",
  "n": 25,
  "experiment_name": "rayleigh_A1",
  "seed": 2,
  "E_learned": 6168.50341796875,
  "E_exact": 6168.502750680849,
  "E_rel": 1.0817663990226109e-07,
  "L2": 1.6632396326602365e-05,
  "integral": 0.9999736867820133,
  "final_loss": 0.0031894147396087646,
  "final_pde": 0.003189359325915575,
  "final_norm": 6.940723551451811e-10,
  "epochs": 15000,
  "N_col": 51200,
  "hidden": 128,
  "use_sine": true,
  "lam_hi": 300.0,
  "lam_lo": 80.0,
  "lr0": 0.0003,
  "device": "cuda"
}