{
  "potential": "infinite_well_rayleigh",
  "n": 6,
  "experiment_name": "rayleigh_A2",
  "seed": 1,
  "E_learned": 355.30572509765625,
  "E_exact": 355.3057584392169,
  "E_rel": 9.38390663815756e-08,
  "L2": 4.892839866043865e-05,
  "integral": 0.999995481464405,
  "final_loss": 0.0004842143680434674,
  "final_pde": 0.0004842127673327923,
  "final_norm": 1.9984014443252818e-11,
  "epochs": 15000,
  "N_col": 12288,
  "hidden": 256,
  "use_sine": true,
  "lam_hi": 300.0,
  "lam_lo": 80.0,
  "lr0": 0.0003,
  "device": "cuda"
}