{
  "potential": "infinite_well_rayleigh",
  "n": 3,
  "experiment_name": "rayleigh_A1",
  "seed": 3,
  "E_learned": 88.8264389038086,
  "E_exact": 88.82643960980423,
  "E_rel": 7.94803478372813e-09,
  "L2": 4.397282992386051e-05,
  "integral": 0.9999986020173841,
  "final_loss": 0.0001888312544906512,
  "final_pde": 0.00018883109441958368,
  "final_norm": 2.0463630789890885e-12,
  "epochs": 9000,
  "N_col": 6144,
  "hidden": 128,
  "use_sine": true,
  "lam_hi": 300.0,
  "lam_lo": 80.0,
  "lr0": 0.0005,
  "device": "cuda"
}