{
  "potential": "infinite_well_rayleigh",
  "n": 1,
  "experiment_name": "rayleigh_A1",
  "seed": 3,
  "E_learned": 9.869604110717773,
  "E_exact": 9.869604401089358,
  "E_rel": 2.9420792643191023e-08,
  "L2": 3.566936450596279e-05,
  "integral": 0.9999994637546852,
  "final_loss": 3.389412449905649e-05,
  "final_pde": 3.389412086107768e-05,
  "final_norm": 3.552713678800501e-13,
  "epochs": 4000,
  "N_col": 2048,
  "hidden": 128,
  "use_sine": true,
  "lam_hi": 40.0,
  "lam_lo": 10.0,
  "lr0": 0.001,
  "device": "cuda"
}