{
  "potential": "infinite_well_rayleigh",
  "n": 5,
  "experiment_name": "rayleigh_A1",
  "seed": 3,
  "E_learned": 246.74009704589844,
  "E_exact": 246.74011002723395,
  "E_rel": 5.261137118901126e-08,
  "L2": 4.705321687828032e-05,
  "integral": 0.9999986622916248,
  "final_loss": 0.0003107336815446615,
  "final_pde": 0.0003107335069216788,
  "final_norm": 2.0463630789890885e-12,
  "epochs": 15000,
  "N_col": 10240,
  "hidden": 128,
  "use_sine": true,
  "lam_hi": 300.0,
  "lam_lo": 80.0,
  "lr0": 0.0003,
  "device": "cuda"
}