{
  "potential": "infinite_well_rayleigh",
  "n": 10,
  "experiment_name": "rayleigh_A2",
  "seed": 0,
  "E_learned": 986.9603881835938,
  "E_exact": 986.9604401089358,
  "E_rel": 5.261137118901142e-08,
  "L2": 1.6668072022994407e-05,
  "integral": 1.0000002650925088,
  "final_loss": 0.00040119513869285583,
  "final_pde": 0.00040119513869285583,
  "final_norm": 5.684341886080802e-14,
  "epochs": 15000,
  "N_col": 20480,
  "hidden": 256,
  "use_sine": true,
  "lam_hi": 300.0,
  "lam_lo": 80.0,
  "lr0": 0.0003,
  "device": "cuda"
}