{
  "potential": "infinite_well_rayleigh",
  "n": 19,
  "experiment_name": "rayleigh_A1",
  "seed": 3,
  "E_learned": 3562.92724609375,
  "E_exact": 3562.9271887932578,
  "E_rel": 1.6082420214655463e-08,
  "L2": 3.5577742182767746e-05,
  "integral": 0.9999783108628897,
  "final_loss": 0.0025659489911049604,
  "final_pde": 0.0025659112725406885,
  "final_norm": 4.707203515863512e-10,
  "epochs": 15000,
  "N_col": 38912,
  "hidden": 128,
  "use_sine": true,
  "lam_hi": 300.0,
  "lam_lo": 80.0,
  "lr0": 0.0003,
  "device": "cuda"
}