{
  "potential": "infinite_well_rayleigh",
  "n": 8,
  "experiment_name": "rayleigh_A1",
  "seed": 1,
  "E_learned": 631.6547241210938,
  "E_exact": 631.6546816697189,
  "E_rel": 6.720661790438449e-08,
  "L2": 2.7265570142734155e-05,
  "integral": 0.9999973510588144,
  "final_loss": 0.00026967201847583055,
  "final_pde": 0.0002696714655030519,
  "final_norm": 6.87805368215777e-12,
  "epochs": 15000,
  "N_col": 16384,
  "hidden": 128,
  "use_sine": true,
  "lam_hi": 300.0,
  "lam_lo": 80.0,
  "lr0": 0.0003,
  "device": "cuda"
}