{
  "potential": "infinite_well_rayleigh",
  "n": 3,
  "experiment_name": "rayleigh_A2",
  "seed": 0,
  "E_learned": 88.8264389038086,
  "E_exact": 88.82643960980423,
  "E_rel": 7.94803478372813e-09,
  "L2": 3.530206306272608e-05,
  "integral": 0.9999992375742808,
  "final_loss": 0.00012130525283282623,
  "final_pde": 0.00012130519462516531,
  "final_norm": 6.963318810448982e-13,
  "epochs": 9000,
  "N_col": 6144,
  "hidden": 256,
  "use_sine": true,
  "lam_hi": 300.0,
  "lam_lo": 80.0,
  "lr0": 0.0005,
  "device": "cuda"
}