{
  "potential": "infinite_well_rayleigh",
  "n": 6,
  "experiment_name": "rayleigh_A1",
  "seed": 4,
  "E_learned": 355.30572509765625,
  "E_exact": 355.3057584392169,
  "E_rel": 9.38390663815756e-08,
  "L2": 4.5208246880496574e-05,
  "integral": 0.9999970330522312,
  "final_loss": 0.0004108076973352581,
  "final_pde": 0.0004108070279471576,
  "final_norm": 8.530065542800003e-12,
  "epochs": 15000,
  "N_col": 12288,
  "hidden": 128,
  "use_sine": true,
  "lam_hi": 300.0,
  "lam_lo": 80.0,
  "lr0": 0.0003,
  "device": "cuda"
}