{
  "potential": "infinite_well_rayleigh",
  "n": 10,
  "experiment_name": "rayleigh_A1",
  "seed": 1,
  "E_learned": 986.9603271484375,
  "E_exact": 986.9604401089358,
  "E_rel": 1.1445291393946166e-07,
  "L2": 2.938274612530599e-05,
  "integral": 0.9999939914505858,
  "final_loss": 0.0007483669323846698,
  "final_pde": 0.000748364080209285,
  "final_norm": 3.552713678800501e-11,
  "epochs": 15000,
  "N_col": 20480,
  "hidden": 128,
  "use_sine": true,
  "lam_hi": 300.0,
  "lam_lo": 80.0,
  "lr0": 0.0003,
  "device": "cuda"
}