{
  "potential": "infinite_well_rayleigh",
  "n": 24,
  "experiment_name": "rayleigh_A1",
  "seed": 0,
  "E_learned": 5684.8916015625,
  "E_exact": 5684.89213502747,
  "E_rel": 9.383906638157585e-08,
  "L2": 1.1336259385763195e-05,
  "integral": 0.9999807904495809,
  "final_loss": 0.002285371534526348,
  "final_pde": 0.0022853421978652477,
  "final_norm": 3.660751701772824e-10,
  "epochs": 15000,
  "N_col": 49152,
  "hidden": 128,
  "use_sine": true,
  "lam_hi": 300.0,
  "lam_lo": 80.0,
  "lr0": 0.0003,
  "device": "cuda"
}