{
  "potential": "infinite_well_rayleigh",
  "n": 20,
  "experiment_name": "rayleigh_A1",
  "seed": 4,
  "E_learned": 3947.841552734375,
  "E_exact": 3947.8417604357433,
  "E_rel": 5.261137118901146e-08,
  "L2": 5.911223761034053e-05,
  "integral": 0.9998823809935378,
  "final_loss": 0.01872805692255497,
  "final_pde": 0.018726952373981476,
  "final_norm": 1.3815736110700527e-08,
  "epochs": 15000,
  "N_col": 40960,
  "hidden": 128,
  "use_sine": true,
  "lam_hi": 300.0,
  "lam_lo": 80.0,
  "lr0": 0.0003,
  "device": "cuda"
}