{
  "potential": "infinite_well_rayleigh",
  "n": 10,
  "experiment_name": "rayleigh_A2",
  "seed": 4,
  "E_learned": 986.9603271484375,
  "E_exact": 986.9604401089358,
  "E_rel": 1.1445291393946166e-07,
  "L2": 1.82348231738641e-05,
  "integral": 0.999997352539983,
  "final_loss": 0.0004259355482645333,
  "final_pde": 0.0004259349952917546,
  "final_norm": 6.87805368215777e-12,
  "epochs": 15000,
  "N_col": 20480,
  "hidden": 256,
  "use_sine": true,
  "lam_hi": 300.0,
  "lam_lo": 80.0,
  "lr0": 0.0003,
  "device": "cuda"
}