{
  "potential": "infinite_well_rayleigh",
  "n": 18,
  "experiment_name": "rayleigh_A2",
  "seed": 0,
  "E_learned": 3197.751708984375,
  "E_exact": 3197.751825952952,
  "E_rel": 3.657837861412531e-08,
  "L2": 4.571871054313254e-05,
  "integral": 0.9999129457333209,
  "final_loss": 0.013949169777333736,
  "final_pde": 0.013948563486337662,
  "final_norm": 7.572964477731148e-09,
  "epochs": 15000,
  "N_col": 36864,
  "hidden": 256,
  "use_sine": true,
  "lam_hi": 300.0,
  "lam_lo": 80.0,
  "lr0": 0.0003,
  "device": "cuda"
}