{
  "potential": "infinite_well_rayleigh",
  "n": 14,
  "experiment_name": "rayleigh_A1",
  "seed": 4,
  "E_learned": 1934.4423828125,
  "E_exact": 1934.4424626135142,
  "E_rel": 4.1252720472692694e-08,
  "L2": 3.0149513750032834e-05,
  "integral": 0.9999415791923796,
  "final_loss": 0.009227587841451168,
  "final_pde": 0.009227314963936806,
  "final_norm": 3.412026217120001e-09,
  "epochs": 15000,
  "N_col": 28672,
  "hidden": 128,
  "use_sine": true,
  "lam_hi": 300.0,
  "lam_lo": 80.0,
  "lr0": 0.0003,
  "device": "cuda"
}