{
  "potential": "infinite_well_rayleigh",
  "n": 6,
  "experiment_name": "rayleigh_A2",
  "seed": 3,
  "E_learned": 355.30572509765625,
  "E_exact": 355.3057584392169,
  "E_rel": 9.38390663815756e-08,
  "L2": 4.854155096256802e-05,
  "integral": 0.9999980525812927,
  "final_loss": 0.0004785819910466671,
  "final_pde": 0.00047858170000836253,
  "final_norm": 3.637978807091713e-12,
  "epochs": 15000,
  "N_col": 12288,
  "hidden": 256,
  "use_sine": true,
  "lam_hi": 300.0,
  "lam_lo": 80.0,
  "lr0": 0.0003,
  "device": "cuda"
}