{
  "potential": "infinite_well_rayleigh",
  "n": 18,
  "experiment_name": "rayleigh_A1",
  "seed": 0,
  "E_learned": 3197.75146484375,
  "E_exact": 3197.751825952952,
  "E_rel": 1.1292596225665652e-07,
  "L2": 5.227878754842426e-05,
  "integral": 0.999906022470396,
  "final_loss": 0.014581755734980106,
  "final_pde": 0.014581049792468548,
  "final_norm": 8.824144970276393e-09,
  "epochs": 15000,
  "N_col": 36864,
  "hidden": 128,
  "use_sine": true,
  "lam_hi": 300.0,
  "lam_lo": 80.0,
  "lr0": 0.0003,
  "device": "cuda"
}