{
  "potential": "infinite_well_rayleigh",
  "n": 20,
  "experiment_name": "rayleigh_A1",
  "seed": 2,
  "E_learned": 3947.84130859375,
  "E_exact": 3947.8417604357433,
  "E_rel": 1.1445291393946175e-07,
  "L2": 6.223899656927884e-05,
  "integral": 0.9998781573913561,
  "final_loss": 0.01845346763730049,
  "final_pde": 0.018452279269695282,
  "final_norm": 1.484301037635305e-08,
  "epochs": 15000,
  "N_col": 40960,
  "hidden": 128,
  "use_sine": true,
  "lam_hi": 300.0,
  "lam_lo": 80.0,
  "lr0": 0.0003,
  "device": "cuda"
}