{
  "potential": "infinite_well_rayleigh",
  "n": 30,
  "experiment_name": "rayleigh_A1",
  "seed": 0,
  "E_learned": 8882.642578125,
  "E_exact": 8882.64396098042,
  "E_rel": 1.5568060886325218e-07,
  "L2": 0.0021613059853443036,
  "integral": 0.9956810443531423,
  "final_loss": 0.6938936710357666,
  "final_pde": 0.6924014091491699,
  "final_norm": 1.8653350707609206e-05,
  "epochs": 15000,
  "N_col": 61440,
  "hidden": 128,
  "use_sine": true,
  "lam_hi": 300.0,
  "lam_lo": 80.0,
  "lr0": 0.0003,
  "device": "cuda"
}