{
  "potential": "infinite_well_rayleigh",
  "n": 19,
  "experiment_name": "rayleigh_A2",
  "seed": 2,
  "E_learned": 3562.927001953125,
  "E_exact": 3562.9271887932578,
  "E_rel": 5.2440064827394726e-08,
  "L2": 3.12430693158514e-05,
  "integral": 1.0000106472525048,
  "final_loss": 0.002084706211462617,
  "final_pde": 0.0020846971310675144,
  "final_norm": 1.1256418019911507e-10,
  "epochs": 15000,
  "N_col": 38912,
  "hidden": 256,
  "use_sine": true,
  "lam_hi": 300.0,
  "lam_lo": 80.0,
  "lr0": 0.0003,
  "device": "cuda"
}