{
  "potential": "infinite_well_rayleigh",
  "n": 17,
  "experiment_name": "rayleigh_A2",
  "seed": 1,
  "E_learned": 2852.3154296875,
  "E_exact": 2852.3156719148246,
  "E_rel": 8.49230423613128e-08,
  "L2": 5.39018452374243e-06,
  "integral": 1.0000000124396236,
  "final_loss": 9.950606181519106e-05,
  "final_pde": 9.950606181519106e-05,
  "final_norm": 0.0,
  "epochs": 15000,
  "N_col": 34816,
  "hidden": 256,
  "use_sine": true,
  "lam_hi": 300.0,
  "lam_lo": 80.0,
  "lr0": 0.0003,
  "device": "cuda"
}