{
  "potential": "infinite_well_rayleigh",
  "n": 16,
  "experiment_name": "rayleigh_A1",
  "seed": 3,
  "E_learned": 2526.61865234375,
  "E_exact": 2526.6187266788756,
  "E_rel": 2.942079264319399e-08,
  "L2": 3.289431954186921e-05,
  "integral": 0.9999875009185026,
  "final_loss": 0.00151838141027838,
  "final_pde": 0.0015183689538389444,
  "final_norm": 1.5518608620368468e-10,
  "epochs": 15000,
  "N_col": 32768,
  "hidden": 128,
  "use_sine": true,
  "lam_hi": 300.0,
  "lam_lo": 80.0,
  "lr0": 0.0003,
  "device": "cuda"
}