{
  "potential": "infinite_well_rayleigh",
  "n": 7,
  "experiment_name": "rayleigh_A2",
  "seed": 1,
  "E_learned": 483.61053466796875,
  "E_exact": 483.61061565337855,
  "E_rel": 1.6745995057565216e-07,
  "L2": 2.3572202186175873e-05,
  "integral": 0.9999982052517977,
  "final_loss": 0.0001554704358568415,
  "final_pde": 0.0001554701739223674,
  "final_norm": 3.197442310920451e-12,
  "epochs": 15000,
  "N_col": 14336,
  "hidden": 256,
  "use_sine": true,
  "lam_hi": 300.0,
  "lam_lo": 80.0,
  "lr0": 0.0003,
  "device": "cuda"
}