{
  "potential": "infinite_well_rayleigh",
  "n": 21,
  "experiment_name": "rayleigh_A1",
  "seed": 3,
  "E_learned": 4352.49462890625,
  "E_exact": 4352.495540880407,
  "E_rel": 2.095290273288789e-07,
  "L2": 0.00048323624341304754,
  "integral": 0.9990369028458919,
  "final_loss": 0.1525897979736328,
  "final_pde": 0.15251557528972626,
  "final_norm": 9.277755452785641e-07,
  "epochs": 15000,
  "N_col": 43008,
  "hidden": 128,
  "use_sine": true,
  "lam_hi": 300.0,
  "lam_lo": 80.0,
  "lr0": 0.0003,
  "device": "cuda"
}