{
  "potential": "infinite_well_rayleigh",
  "n": 6,
  "experiment_name": "rayleigh_A2",
  "seed": 4,
  "E_learned": 355.30572509765625,
  "E_exact": 355.3057584392169,
  "E_rel": 9.38390663815756e-08,
  "L2": 4.93267685342626e-05,
  "integral": 0.9999970325766768,
  "final_loss": 0.0004937785561196506,
  "final_pde": 0.0004937778576277196,
  "final_norm": 8.530065542800003e-12,
  "epochs": 15000,
  "N_col": 12288,
  "hidden": 256,
  "use_sine": true,
  "lam_hi": 300.0,
  "lam_lo": 80.0,
  "lr0": 0.0003,
  "device": "cuda"
}