{
  "potential": "infinite_well_rayleigh",
  "n": 21,
  "experiment_name": "rayleigh_A2",
  "seed": 2,
  "E_learned": 4352.4951171875,
  "E_exact": 4352.495540880407,
  "E_rel": 9.734482279291467e-08,
  "L2": 0.0004643040411915616,
  "integral": 0.9990715461802562,
  "final_loss": 0.1487041711807251,
  "final_pde": 0.14863519370555878,
  "final_norm": 8.621515235063271e-07,
  "epochs": 15000,
  "N_col": 43008,
  "hidden": 256,
  "use_sine": true,
  "lam_hi": 300.0,
  "lam_lo": 80.0,
  "lr0": 0.0003,
  "device": "cuda"
}