{
  "potential": "infinite_well_rayleigh",
  "n": 17,
  "experiment_name": "rayleigh_A1",
  "seed": 2,
  "E_learned": 2852.315185546875,
  "E_exact": 2852.3156719148246,
  "E_rel": 1.7051687315778377e-07,
  "L2": 1.8147748985988283e-05,
  "integral": 0.99999239107245,
  "final_loss": 0.0005478130769915879,
  "final_pde": 0.0005478084203787148,
  "final_norm": 5.820766091346741e-11,
  "epochs": 15000,
  "N_col": 34816,
  "hidden": 128,
  "use_sine": true,
  "lam_hi": 300.0,
  "lam_lo": 80.0,
  "lr0": 0.0003,
  "device": "cuda"
}