{
  "potential": "infinite_well_rayleigh",
  "n": 2,
  "experiment_name": "rayleigh_A2",
  "seed": 4,
  "E_learned": 39.47841262817383,
  "E_exact": 39.47841760435743,
  "E_rel": 1.260482031907694e-07,
  "L2": 4.779767556809972e-05,
  "integral": 0.9999969053109911,
  "final_loss": 7.646017184015363e-05,
  "final_pde": 7.646003359695897e-05,
  "final_norm": 9.240608278560103e-12,
  "epochs": 6000,
  "N_col": 4096,
  "hidden": 256,
  "use_sine": true,
  "lam_hi": 40.0,
  "lam_lo": 15.0,
  "lr0": 0.0007,
  "device": "cuda"
}