{
  "potential": "infinite_well_rayleigh",
  "n": 7,
  "experiment_name": "rayleigh_A1",
  "seed": 1,
  "E_learned": 483.610595703125,
  "E_exact": 483.61061565337855,
  "E_rel": 4.125272047269263e-08,
  "L2": 3.1980676509212347e-05,
  "integral": 0.9999978025927252,
  "final_loss": 0.0002853169571608305,
  "final_pde": 0.0002853165497072041,
  "final_norm": 5.130118552187923e-12,
  "epochs": 15000,
  "N_col": 14336,
  "hidden": 128,
  "use_sine": true,
  "lam_hi": 300.0,
  "lam_lo": 80.0,
  "lr0": 0.0003,
  "device": "cuda"
}