{
  "potential": "infinite_well_rayleigh",
  "n": 30,
  "experiment_name": "rayleigh_A1",
  "seed": 3,
  "E_learned": 8882.6435546875,
  "E_exact": 8882.64396098042,
  "E_rel": 4.5740088418007205e-08,
  "L2": 0.0021675861431090376,
  "integral": 0.9956686141170543,
  "final_loss": 0.6862558126449585,
  "final_pde": 0.6847549676895142,
  "final_norm": 1.8760596503852867e-05,
  "epochs": 15000,
  "N_col": 61440,
  "hidden": 128,
  "use_sine": true,
  "lam_hi": 300.0,
  "lam_lo": 80.0,
  "lr0": 0.0003,
  "device": "cuda"
}