{
  "potential": "infinite_well_rayleigh",
  "n": 27,
  "experiment_name": "rayleigh_A1",
  "seed": 2,
  "E_learned": 7194.9404296875,
  "E_exact": 7194.941608394141,
  "E_rel": 1.638243512726727e-07,
  "L2": 0.0004883338829657472,
  "integral": 0.999023463332292,
  "final_loss": 0.1594424545764923,
  "final_pde": 0.1593661606311798,
  "final_norm": 9.5367431640625e-07,
  "epochs": 15000,
  "N_col": 55296,
  "hidden": 128,
  "use_sine": true,
  "lam_hi": 300.0,
  "lam_lo": 80.0,
  "lr0": 0.0003,
  "device": "cuda"
}