{
  "potential": "infinite_well_rayleigh",
  "n": 1,
  "experiment_name": "rayleigh_A2",
  "seed": 0,
  "E_learned": 9.86960506439209,
  "E_exact": 9.869604401089358,
  "E_rel": 6.720661790437778e-08,
  "L2": 2.8896656163782948e-05,
  "integral": 0.9999995084375546,
  "final_loss": 2.2212268959265202e-05,
  "final_pde": 2.2212265321286395e-05,
  "final_norm": 2.877698079828406e-13,
  "epochs": 4000,
  "N_col": 2048,
  "hidden": 256,
  "use_sine": true,
  "lam_hi": 40.0,
  "lam_lo": 10.0,
  "lr0": 0.001,
  "device": "cuda"
}