{
  "potential": "infinite_well_rayleigh",
  "n": 16,
  "experiment_name": "rayleigh_A1",
  "seed": 2,
  "E_learned": 2526.618896484375,
  "E_exact": 2526.6187266788756,
  "E_rel": 6.720661790438457e-08,
  "L2": 2.3318518075500895e-05,
  "integral": 0.9999922093933242,
  "final_loss": 0.0007763954345136881,
  "final_pde": 0.0007763905450701714,
  "final_norm": 6.09681194418954e-11,
  "epochs": 15000,
  "N_col": 32768,
  "hidden": 128,
  "use_sine": true,
  "lam_hi": 300.0,
  "lam_lo": 80.0,
  "lr0": 0.0003,
  "device": "cuda"
}