{
  "potential": "infinite_well_rayleigh",
  "n": 22,
  "experiment_name": "rayleigh_A1",
  "seed": 4,
  "E_learned": 4776.8876953125,
  "E_exact": 4776.8885301272485,
  "E_rel": 1.7476119512138591e-07,
  "L2": 0.0003043331223447164,
  "integral": 0.9993915600092893,
  "final_loss": 0.0981747955083847,
  "final_pde": 0.09814518690109253,
  "final_norm": 3.701318291859934e-07,
  "epochs": 15000,
  "N_col": 45056,
  "hidden": 128,
  "use_sine": true,
  "lam_hi": 300.0,
  "lam_lo": 80.0,
  "lr0": 0.0003,
  "device": "cuda"
}