{
  "potential": "infinite_well_rayleigh",
  "n": 21,
  "experiment_name": "rayleigh_A2",
  "seed": 3,
  "E_learned": 4352.49462890625,
  "E_exact": 4352.495540880407,
  "E_rel": 2.095290273288789e-07,
  "L2": 0.00046673057169050716,
  "integral": 0.999066874031179,
  "final_loss": 0.1511293202638626,
  "final_pde": 0.15105965733528137,
  "final_norm": 8.708068435225869e-07,
  "epochs": 15000,
  "N_col": 43008,
  "hidden": 256,
  "use_sine": true,
  "lam_hi": 300.0,
  "lam_lo": 80.0,
  "lr0": 0.0003,
  "device": "cuda"
}