{
  "potential": "infinite_well_rayleigh",
  "n": 7,
  "experiment_name": "rayleigh_A1",
  "seed": 2,
  "E_learned": 483.61053466796875,
  "E_exact": 483.61061565337855,
  "E_rel": 1.6745995057565216e-07,
  "L2": 3.34184325375211e-05,
  "integral": 0.9999979723666408,
  "final_loss": 0.000310489849653095,
  "final_pde": 0.00031048952951096,
  "final_norm": 4.106937012693379e-12,
  "epochs": 15000,
  "N_col": 14336,
  "hidden": 128,
  "use_sine": true,
  "lam_hi": 300.0,
  "lam_lo": 80.0,
  "lr0": 0.0003,
  "device": "cuda"
}