{
  "potential": "infinite_well_rayleigh",
  "n": 15,
  "experiment_name": "rayleigh_A2",
  "seed": 1,
  "E_learned": 2220.6611328125,
  "E_exact": 2220.660990245105,
  "E_rel": 6.420043202723777e-08,
  "L2": 1.220784970277099e-05,
  "integral": 1.000002451099661,
  "final_loss": 0.00022988278942648321,
  "final_pde": 0.00022988233831711113,
  "final_norm": 5.6843418860808015e-12,
  "epochs": 15000,
  "N_col": 30720,
  "hidden": 256,
  "use_sine": true,
  "lam_hi": 300.0,
  "lam_lo": 80.0,
  "lr0": 0.0003,
  "device": "cuda"
}