{
  "potential": "infinite_well_rayleigh",
  "n": 5,
  "experiment_name": "rayleigh_A2",
  "seed": 1,
  "E_learned": 246.74009704589844,
  "E_exact": 246.74011002723395,
  "E_rel": 5.261137118901126e-08,
  "L2": 5.557189276724961e-05,
  "integral": 0.9999967840689743,
  "final_loss": 0.0004358620208222419,
  "final_pde": 0.0004358611477073282,
  "final_norm": 1.0746958878371515e-11,
  "epochs": 15000,
  "N_col": 10240,
  "hidden": 256,
  "use_sine": true,
  "lam_hi": 300.0,
  "lam_lo": 80.0,
  "lr0": 0.0003,
  "device": "cuda"
}