{
  "potential": "infinite_well_rayleigh",
  "n": 29,
  "experiment_name": "rayleigh_A2",
  "seed": 0,
  "E_learned": 8300.3359375,
  "E_exact": 8300.33730131615,
  "E_rel": 1.6430852160986425e-07,
  "L2": 0.006529392227594658,
  "integral": 0.986980698937401,
  "final_loss": 2.074298620223999,
  "final_pde": 2.0607383251190186,
  "final_norm": 0.00016950277495197952,
  "epochs": 15000,
  "N_col": 59392,
  "hidden": 256,
  "use_sine": true,
  "lam_hi": 300.0,
  "lam_lo": 80.0,
  "lr0": 0.0003,
  "device": "cuda"
}