{
  "potential": "infinite_well_rayleigh",
  "n": 24,
  "experiment_name": "rayleigh_A2",
  "seed": 4,
  "E_learned": 5684.89208984375,
  "E_exact": 5684.89213502747,
  "E_rel": 7.94803478372822e-09,
  "L2": 2.042082099774905e-05,
  "integral": 1.0000024840689723,
  "final_loss": 0.0035681193694472313,
  "final_pde": 0.003568118903785944,
  "final_norm": 6.266986929404084e-12,
  "epochs": 15000,
  "N_col": 49152,
  "hidden": 256,
  "use_sine": true,
  "lam_hi": 300.0,
  "lam_lo": 80.0,
  "lr0": 0.0003,
  "device": "cuda"
}