{
  "potential": "infinite_well_rayleigh",
  "n": 1,
  "experiment_name": "rayleigh_A2",
  "seed": 2,
  "E_learned": 9.869604110717773,
  "E_exact": 9.869604401089358,
  "E_rel": 2.9420792643191023e-08,
  "L2": 2.994117271902655e-05,
  "integral": 0.9999988988889268,
  "final_loss": 2.3884942493168637e-05,
  "final_pde": 2.388492794125341e-05,
  "final_norm": 1.4210854715202004e-12,
  "epochs": 4000,
  "N_col": 2048,
  "hidden": 256,
  "use_sine": true,
  "lam_hi": 40.0,
  "lam_lo": 10.0,
  "lr0": 0.001,
  "device": "cuda"
}