{
  "potential": "infinite_well_rayleigh",
  "n": 23,
  "experiment_name": "rayleigh_A1",
  "seed": 4,
  "E_learned": 5221.02001953125,
  "E_exact": 5221.02072817627,
  "E_rel": 1.3572921014493033e-07,
  "L2": 1.1350607077267882e-05,
  "integral": 1.000002976230644,
  "final_loss": 0.0015846851747483015,
  "final_pde": 0.0015846844762563705,
  "final_norm": 8.881784197001252e-12,
  "epochs": 15000,
  "N_col": 47104,
  "hidden": 128,
  "use_sine": true,
  "lam_hi": 300.0,
  "lam_lo": 80.0,
  "lr0": 0.0003,
  "device": "cuda"
}