{
  "potential": "infinite_well_rayleigh",
  "n": 12,
  "experiment_name": "rayleigh_A2",
  "seed": 4,
  "E_learned": 1421.222900390625,
  "E_exact": 1421.2230337568676,
  "E_rel": 9.38390663815758e-08,
  "L2": 6.932719990299208e-06,
  "integral": 0.9999976588375322,
  "final_loss": 0.00029733049450442195,
  "final_pde": 0.00029733008705079556,
  "final_norm": 5.130118552187923e-12,
  "epochs": 15000,
  "N_col": 24576,
  "hidden": 256,
  "use_sine": true,
  "lam_hi": 300.0,
  "lam_lo": 80.0,
  "lr0": 0.0003,
  "device": "cuda"
}