{
  "potential": "infinite_well_rayleigh",
  "n": 23,
  "experiment_name": "rayleigh_A1",
  "seed": 1,
  "E_learned": 5221.0205078125,
  "E_exact": 5221.02072817627,
  "E_rel": 4.220702829169735e-08,
  "L2": 2.551579238734294e-05,
  "integral": 0.9999764673743795,
  "final_loss": 0.0027936615515500307,
  "final_pde": 0.0027936173137277365,
  "final_norm": 5.543121517348482e-10,
  "epochs": 15000,
  "N_col": 47104,
  "hidden": 128,
  "use_sine": true,
  "lam_hi": 300.0,
  "lam_lo": 80.0,
  "lr0": 0.0003,
  "device": "cuda"
}