{
  "potential": "infinite_well_rayleigh",
  "n": 22,
  "experiment_name": "rayleigh_A2",
  "seed": 2,
  "E_learned": 4776.8876953125,
  "E_exact": 4776.8885301272485,
  "E_rel": 1.7476119512138591e-07,
  "L2": 0.00030085866287013393,
  "integral": 0.9993983189082225,
  "final_loss": 0.09661968797445297,
  "final_pde": 0.09659072756767273,
  "final_norm": 3.619818471634062e-07,
  "epochs": 15000,
  "N_col": 45056,
  "hidden": 256,
  "use_sine": true,
  "lam_hi": 300.0,
  "lam_lo": 80.0,
  "lr0": 0.0003,
  "device": "cuda"
}