{
  "potential": "infinite_well_rayleigh",
  "n": 22,
  "experiment_name": "rayleigh_A1",
  "seed": 0,
  "E_learned": 4776.88818359375,
  "E_exact": 4776.8885301272485,
  "E_rel": 7.254376908758376e-08,
  "L2": 0.0003093557551841737,
  "integral": 0.9993832101290666,
  "final_loss": 0.09840384125709534,
  "final_pde": 0.0983734056353569,
  "final_norm": 3.8042850292185904e-07,
  "epochs": 15000,
  "N_col": 45056,
  "hidden": 128,
  "use_sine": true,
  "lam_hi": 300.0,
  "lam_lo": 80.0,
  "lr0": 0.0003,
  "device": "cuda"
}