{
  "potential": "infinite_well_rayleigh",
  "n": 15,
  "experiment_name": "rayleigh_A2",
  "seed": 4,
  "E_learned": 2220.660888671875,
  "E_exact": 2220.660990245105,
  "E_rel": 4.574008841800719e-08,
  "L2": 3.574996677647442e-05,
  "integral": 1.0000082324277764,
  "final_loss": 0.0016540313372388482,
  "final_pde": 0.0016540259821340442,
  "final_norm": 6.765787929907674e-11,
  "epochs": 15000,
  "N_col": 30720,
  "hidden": 256,
  "use_sine": true,
  "lam_hi": 300.0,
  "lam_lo": 80.0,
  "lr0": 0.0003,
  "device": "cuda"
}