{
  "potential": "harmonic_rayleigh",
  "n": 0,
  "experiment_name": "rayleigh_harmonic_A1",
  "seed": 0,
  "E_learned": 1.500249981880188,
  "E_exact": 0.5,
  "E_rel": 2.000499963756375,
  "L2": 0.40814560889896234,
  "integral": 0.9999967056664336,
  "final_loss": 4.1656028770376e-05,
  "final_pde": 4.16559269069694e-05,
  "final_norm": 1.035971308738226e-11,
  "epochs": 4000,
  "N_col": 2048,
  "hidden": 128,
  "use_sine": true,
  "domain_L": 6.0,
  "lam_hi": 40.0,
  "lam_lo": 10.0,
  "lr0": 0.001,
  "device": "cuda"
}