{
  "potential": "infinite_well_rayleigh",
  "n": 5,
  "experiment_name": "rayleigh_A1",
  "seed": 4,
  "E_learned": 246.74008178710938,
  "E_exact": 246.74011002723395,
  "E_rel": 1.1445291393946132e-07,
  "L2": 5.1596432826576844e-05,
  "integral": 0.9999975397372911,
  "final_loss": 0.0003732483019120991,
  "final_pde": 0.00037324780714698136,
  "final_norm": 6.266986929404084e-12,
  "epochs": 15000,
  "N_col": 10240,
  "hidden": 128,
  "use_sine": true,
  "lam_hi": 300.0,
  "lam_lo": 80.0,
  "lr0": 0.0003,
  "device": "cuda"
}