{
  "potential": "infinite_well_rayleigh",
  "n": 26,
  "experiment_name": "rayleigh_A1",
  "seed": 1,
  "E_learned": 6671.85302734375,
  "E_exact": 6671.852575136407,
  "E_rel": 6.777837760870153e-08,
  "L2": 0.00014364120428076867,
  "integral": 0.9997151732522391,
  "final_loss": 0.04412383586168289,
  "final_pde": 0.04411734640598297,
  "final_norm": 8.113985927593603e-08,
  "epochs": 15000,
  "N_col": 53248,
  "hidden": 128,
  "use_sine": true,
  "lam_hi": 300.0,
  "lam_lo": 80.0,
  "lr0": 0.0003,
  "device": "cuda"
}