{
  "potential": "infinite_well_rayleigh",
  "n": 19,
  "experiment_name": "rayleigh_A2",
  "seed": 3,
  "E_learned": 3562.927001953125,
  "E_exact": 3562.9271887932578,
  "E_rel": 5.2440064827394726e-08,
  "L2": 2.054136567004554e-05,
  "integral": 0.9999924068076345,
  "final_loss": 0.0011170102516189218,
  "final_pde": 0.0011170055950060487,
  "final_norm": 5.820766091346741e-11,
  "epochs": 15000,
  "N_col": 38912,
  "hidden": 256,
  "use_sine": true,
  "lam_hi": 300.0,
  "lam_lo": 80.0,
  "lr0": 0.0003,
  "device": "cuda"
}