{
  "potential": "infinite_well_rayleigh",
  "n": 16,
  "experiment_name": "rayleigh_A1",
  "seed": 0,
  "E_learned": 2526.61865234375,
  "E_exact": 2526.6187266788756,
  "E_rel": 2.942079264319399e-08,
  "L2": 2.4573279788381215e-05,
  "integral": 0.999992571492569,
  "final_loss": 0.0008608695352450013,
  "final_pde": 0.0008608651696704328,
  "final_norm": 5.46265255252365e-11,
  "epochs": 15000,
  "N_col": 32768,
  "hidden": 128,
  "use_sine": true,
  "lam_hi": 300.0,
  "lam_lo": 80.0,
  "lr0": 0.0003,
  "device": "cuda"
}