{
  "potential": "infinite_well_rayleigh",
  "n": 13,
  "experiment_name": "rayleigh_A1",
  "seed": 3,
  "E_learned": 1667.9632568359375,
  "E_exact": 1667.9631437841017,
  "E_rel": 6.77783776087015e-08,
  "L2": 3.4327211275084476e-05,
  "integral": 0.9999926455509347,
  "final_loss": 0.001129648881033063,
  "final_pde": 0.0011296444572508335,
  "final_norm": 5.46265255252365e-11,
  "epochs": 15000,
  "N_col": 26624,
  "hidden": 128,
  "use_sine": true,
  "lam_hi": 300.0,
  "lam_lo": 80.0,
  "lr0": 0.0003,
  "device": "cuda"
}