{
  "potential": "infinite_well_rayleigh",
  "n": 3,
  "experiment_name": "rayleigh_A2",
  "seed": 1,
  "E_learned": 88.8264389038086,
  "E_exact": 88.82643960980423,
  "E_rel": 7.94803478372813e-09,
  "L2": 3.9872341600269204e-05,
  "integral": 0.9999988976908248,
  "final_loss": 0.00015625152445863932,
  "final_pde": 0.0001562514080433175,
  "final_norm": 1.4210854715202004e-12,
  "epochs": 9000,
  "N_col": 6144,
  "hidden": 256,
  "use_sine": true,
  "lam_hi": 300.0,
  "lam_lo": 80.0,
  "lr0": 0.0005,
  "device": "cuda"
}