{
  "potential": "infinite_well_rayleigh",
  "n": 12,
  "experiment_name": "rayleigh_A1",
  "seed": 0,
  "E_learned": 1421.2230224609375,
  "E_exact": 1421.2230337568676,
  "E_rel": 7.948034783728215e-09,
  "L2": 2.3883791818941406e-05,
  "integral": 0.9999948316819564,
  "final_loss": 0.0006951262475922704,
  "final_pde": 0.0006951241521164775,
  "final_norm": 2.6275870368408505e-11,
  "epochs": 15000,
  "N_col": 24576,
  "hidden": 128,
  "use_sine": true,
  "lam_hi": 300.0,
  "lam_lo": 80.0,
  "lr0": 0.0003,
  "device": "cuda"
}