{
  "potential": "infinite_well_rayleigh",
  "n": 15,
  "experiment_name": "rayleigh_A1",
  "seed": 4,
  "E_learned": 2220.66064453125,
  "E_exact": 2220.660990245105,
  "E_rel": 1.5568060886325216e-07,
  "L2": 9.711351448878982e-06,
  "integral": 1.000002446767296,
  "final_loss": 0.00013500350178219378,
  "final_pde": 0.0001350030506728217,
  "final_norm": 5.6843418860808015e-12,
  "epochs": 15000,
  "N_col": 30720,
  "hidden": 128,
  "use_sine": true,
  "lam_hi": 300.0,
  "lam_lo": 80.0,
  "lr0": 0.0003,
  "device": "cuda"
}