{
  "potential": "infinite_well_rayleigh",
  "n": 16,
  "experiment_name": "rayleigh_A2",
  "seed": 3,
  "E_learned": 2526.618896484375,
  "E_exact": 2526.6187266788756,
  "E_rel": 6.720661790438457e-08,
  "L2": 7.829382359955632e-06,
  "integral": 0.9999979582066953,
  "final_loss": 0.00010151031892746687,
  "final_pde": 0.00010150996968150139,
  "final_norm": 4.352074256530614e-12,
  "epochs": 15000,
  "N_col": 32768,
  "hidden": 256,
  "use_sine": true,
  "lam_hi": 300.0,
  "lam_lo": 80.0,
  "lr0": 0.0003,
  "device": "cuda"
}